{"cameraMode":{"drawMode":0,"name":"Shaded","section":"Shading Mode"},"sceneLighting":true,"audioPlay":false,"sceneViewState":{"m_AlwaysRefresh":false,"showFog":true,"showSkybox":true,"showFlares":true,"showImageEffects":true,"showParticleSystems":true,"showVisualEffectGraphs":true,"m_FxEnabled":true},"in2DMode":false,"pivot":{"x":-21.296249389648439,"y":-8.946322441101075,"z":26.881328582763673},"rotation":{"x":0.14123959839344026,"y":-0.30075106024742129,"z":0.045087236911058429,"w":0.9421137571334839},"size":21.947397232055665,"orthographic":false}